Date,Message
2026-01-26T09:35:00.000-05:00,[KLB] 9:35 ▲ BRK PM H vol=11.1x pos=^91 O623.21 H623.83 L622.12 C623.67 ATR=8.29 rawVol=144615 volSMA=13013 buf=0.415 prices=623.15
2026-01-26T09:35:00.000-05:00,[KLB] 9:35 ▲ ~ ~ ORB L vol=11.1x pos=^91 O623.21 H623.83 L622.12 C623.67 ATR=8.29 rawVol=144615 volSMA=13013 buf=0.415 prices=622.12
2026-01-26T09:40:00.000-05:00,[KLB] 9:40 ▲ BRK ORB H vol=8.4x pos=^85 O623.68 H624.35 L623.64 C624.24 ATR=8.29 rawVol=83765 volSMA=17168 buf=0.415 prices=623.83
2026-01-26T09:40:00.000-05:00,[KLB] CONF 9:40 ▲ BRK → ✓ (auto-promote)
2026-01-26T10:20:00.000-05:00,[KLB] 10:20 ▲ BRK Yest H + Week H vol=1.6x pos=^93 O625.37 H626.15 L625.1 C626.08 ATR=8.29 rawVol=76936 volSMA=47639 buf=0.415 prices=625.4/625.4
2026-01-26T10:20:00.000-05:00,[KLB] CONF 10:20 ▲ BRK → ✓ (auto-promote)
2026-01-26T10:30:00.000-05:00,"[KLB] 10:30 ▲ ◆ ◆² Yest H 1.2x ^13
◆² Week H 1.2x ^13 vol= pos= O626.31 H626.32 L625.36 C625.48 ATR=8.29 rawVol=63870 volSMA=52345 buf=0.415 prices="
2026-01-27T09:35:00.000-05:00,[KLB] 9:35 ▼ ~ ~ ORB H vol=14.9x pos=v88 O628.91 H629.62 L628.25 C628.42 ATR=8.09 rawVol=266162 volSMA=17867 buf=0.405 prices=629.62
2026-01-27T09:40:00.000-05:00,[KLB] 9:40 ▼ BRK PM L + ORB L vol=11.5x pos=v78 O628.44 H628.64 L627.34 C627.62 ATR=8.09 rawVol=106504 volSMA=23105 buf=0.405 prices=628.56/628.25
2026-01-27T09:45:00.000-05:00,[KLB] 9:45 ▲ BRK Yest H vol=3.7x pos=^52 O627.64 H628.91 L627.63 C628.29 ATR=8.09 rawVol=105354 volSMA=28192 buf=0.405 prices=627.61
2026-01-27T09:49:00.000-05:00,[KLB] CONF 9:49 ▼ BRK → ✗ (failed)
2026-01-27T09:50:00.000-05:00,[KLB] 9:50 ▲ ~~ ~~ PM L + ~~ ORB L vol=3.4x pos=^85 O628.32 H628.97 L628.32 C628.87 ATR=8.09 rawVol=68434 volSMA=31413 buf=0.405 prices=628.56/628.25
2026-01-27T09:55:00.000-05:00,[KLB] 9:55 ▲ BRK ORB H vol=3.4x pos=^97 O628.87 H630.24 L628.86 C630.19 ATR=8.09 rawVol=127098 volSMA=37667 buf=0.405 prices=629.62
2026-01-27T09:55:00.000-05:00,[KLB] CONF 9:55 ▲ BRK → ✓ (auto-promote)
2026-01-27T10:05:00.000-05:00,[KLB] 10:05 ▲ BRK PM H vol=2.3x pos=^67 O630.65 H630.86 L630.29 C630.67 ATR=8.09 rawVol=101756 volSMA=47652 buf=0.405 prices=630.31
2026-01-27T10:05:00.000-05:00,[KLB] CONF 10:05 ▲ BRK → ✓ (auto-promote)
2026-01-27T10:05:00.000-05:00,[KLB] CONF 10:05 ▲ BRK → ✗ (failed)
2026-01-28T09:35:00.000-05:00,[KLB] 9:35 ▼ ~ ~ ORB H vol=13x pos=v67 O635.46 H636.32 L634.93 C635.4 ATR=7.99 rawVol=227500 volSMA=17459 buf=0.399 prices=636.32
2026-01-28T09:45:00.000-05:00,[KLB] 9:45 ▲ ~ ~ PM L vol=4.3x pos=^87 O635.26 H636.41 L635.26 C636.26 ATR=7.99 rawVol=129581 volSMA=29939 buf=0.399 prices=635.03
2026-01-28T10:05:00.000-05:00,[KLB] 10:05 ▲ ~ ~ ORB L vol=1.5x pos=^57 O635.45 H635.75 L635.08 C635.46 ATR=7.99 rawVol=69901 volSMA=45886 buf=0.399 prices=634.93
2026-01-28T10:15:00.000-05:00,[KLB] 10:15 ▼ BRK PM L + ORB L vol=2x pos=v92 O635.2 H635.26 L634.5 C634.56 ATR=7.99 rawVol=73799 volSMA=54428 buf=0.399 prices=635.03/634.93
2026-01-28T10:16:00.000-05:00,[KLB] CONF 10:16 ▼ BRK → ✗ (failed)
2026-01-28T12:45:00.000-05:00,[KLB] 12:45 ▲ BRK Yest H vol=2.1x pos=^71 O632.36 H632.72 L632.2 C632.57 ATR=7.99 rawVol=89193 volSMA=43138 buf=0.399 prices=632.04
2026-01-28T14:02:00.000-05:00,[KLB] 14:02 ▲ ◆ ◆¹⁵ Yest H 1.3x ^6 vol= pos= O633.5 H633.73 L633.39 C633.41 ATR=7.99 rawVol=37233 volSMA=37213 buf=0.399 prices=
2026-01-29T09:35:00.000-05:00,[KLB] 9:35 ▼ BRK PM L vol=13.4x pos=v85 O632.65 H633.68 L631.48 C631.81 ATR=7.81 rawVol=285371 volSMA=21243 buf=0.39 prices=632.7
2026-01-29T09:35:00.000-05:00,[KLB] 9:35 ▼ ~ ~ ORB H vol=13.4x pos=v85 O632.65 H633.68 L631.48 C631.81 ATR=7.81 rawVol=285371 volSMA=21243 buf=0.39 prices=633.68
2026-01-29T09:40:00.000-05:00,[KLB] 9:40 ▼ BRK Yest L + ORB L vol=8.9x pos=v73 O631.82 H631.85 L629.55 C630.17 ATR=7.81 rawVol=219677 volSMA=32072 buf=0.39 prices=631.81/631.48
2026-01-29T09:40:00.000-05:00,[KLB] CONF 9:40 ▼ BRK → ✓ (auto-promote)
2026-01-30T09:35:00.000-05:00,[KLB] 9:35 ▲ BRK Week H vol=13.1x pos=^75 O625.69 H627.68 L625.2 C627.07 ATR=8.35 rawVol=289244 volSMA=22075 buf=0.417 prices=625.4
2026-01-30T09:35:00.000-05:00,[KLB] 9:35 ▲ ~ ~ ORB L vol=13.1x pos=^75 O625.69 H627.68 L625.2 C627.07 ATR=8.35 rawVol=289244 volSMA=22075 buf=0.417 prices=625.2
2026-01-30T09:45:00.000-05:00,[KLB] 9:45 ▼ ~ ~ PM H + ~ ORB H vol=2.9x pos=v98 O627.71 H628.23 L626.58 C626.62 ATR=8.35 rawVol=95347 volSMA=33031 buf=0.417 prices=627.39/627.68
2026-01-30T09:59:00.000-05:00,[KLB] 9:59 ▲ ◆ ◆⁴ Week H 3.2x ^26 vol= pos= O627.14 H628.02 L626.28 C626.73 ATR=8.35 rawVol=142915 volSMA=47245 buf=0.417 prices=
2026-01-30T10:29:00.000-05:00,[KLB] CONF 10:29 ▲ BRK → ✗ (failed)
2026-01-30T10:40:00.000-05:00,[KLB] 10:40 ▲ BRK Week H vol=1.6x pos=^85 O625.01 H627.06 L625.01 C626.76 ATR=8.35 rawVol=131363 volSMA=81989 buf=0.417 prices=625.4
2026-01-30T10:40:00.000-05:00,[KLB] 10:40 ▲ ~ ~ ORB L vol=1.6x pos=^85 O625.01 H627.06 L625.01 C626.76 ATR=8.35 rawVol=131363 volSMA=81989 buf=0.417 prices=625.2
2026-01-30T10:57:00.000-05:00,[KLB] 10:57 ▲ ◆ ◆³ Week H 0.9x ^27 vol= pos= O627.46 H627.58 L625.9 C626.36 ATR=8.35 rawVol=64451 volSMA=90870 buf=0.417 prices=
2026-01-30T11:16:00.000-05:00,[KLB] CONF 11:16 ▲ BRK → ✗ (failed)
2026-01-30T13:20:00.000-05:00,[KLB] 13:20 ▼ BRK PM L vol=1.5x pos=v95 O621.79 H621.97 L620.43 C620.5 ATR=8.35 rawVol=86344 volSMA=56382 buf=0.417 prices=621.26
2026-01-30T13:27:00.000-05:00,[KLB] CONF 13:27 ▼ BRK → ✗ (failed)
2026-01-30T15:50:00.000-05:00,[KLB] 15:50 ▲ ~~ ~~ PM L vol=1.9x pos=^98 O621.2 H622.83 L621.18 C622.79 ATR=8.35 rawVol=121280 volSMA=64576 buf=0.417 prices=621.26
2026-01-30T15:55:00.000-05:00,[KLB] 15:55 ▼ ~~ ~~ Week H vol=2.7x pos=v80 O622.84 H623.12 L620.99 C621.42 ATR=8.35 rawVol=196367 volSMA=72270 buf=0.417 prices=625.4
2026-02-02T09:35:00.000-05:00,[KLB] 9:35 ▲ BRK PM H vol=13.6x pos=^76 O618.7 H621.76 L618.66 C621.02 ATR=8.48 rawVol=314344 volSMA=23101 buf=0.424 prices=618.8
2026-02-02T09:35:00.000-05:00,[KLB] 9:35 ▲ ~ ~ ORB L vol=13.6x pos=^76 O618.7 H621.76 L618.66 C621.02 ATR=8.48 rawVol=314344 volSMA=23101 buf=0.424 prices=618.66
2026-02-02T09:40:00.000-05:00,[KLB] 9:40 ▲ BRK ORB H vol=10.1x pos=^76 O621.05 H623.02 L620.6 C622.43 ATR=8.48 rawVol=169868 volSMA=31251 buf=0.424 prices=621.76
2026-02-02T09:40:00.000-05:00,[KLB] 9:40 ▲ ~ ~ Yest L + ~ Week L vol=10.1x pos=^76 O621.05 H623.02 L620.6 C622.43 ATR=8.48 rawVol=169868 volSMA=31251 buf=0.424 prices=619.3/618.27
2026-02-02T09:40:00.000-05:00,[KLB] CONF 9:40 ▲ BRK → ✓ (auto-promote)
2026-02-03T09:35:00.000-05:00,[KLB] 9:35 ▼ BRK PM L vol=14.3x pos=v69 O628.25 H628.68 L625.98 C626.83 ATR=8.57 rawVol=177778 volSMA=12395 buf=0.429 prices=628.07
2026-02-03T09:35:00.000-05:00,[KLB] 9:35 ▼ ~ ~ ORB H vol=14.3x pos=v69 O628.25 H628.68 L625.98 C626.83 ATR=8.57 rawVol=177778 volSMA=12395 buf=0.429 prices=628.68
2026-02-03T09:40:00.000-05:00,[KLB] 9:40 ▼ BRK ORB L vol=9.4x pos=v88 O626.85 H627.26 L625.27 C625.51 ATR=8.57 rawVol=133069 volSMA=18941 buf=0.429 prices=625.98
2026-02-03T09:40:00.000-05:00,[KLB] 9:40 ▼ ~ ~ Yest H vol=9.4x pos=v88 O626.85 H627.26 L625.27 C625.51 ATR=8.57 rawVol=133069 volSMA=18941 buf=0.429 prices=628.49
2026-02-03T09:40:00.000-05:00,[KLB] CONF 9:40 ▼ BRK → ✓ (auto-promote)
2026-02-03T09:55:00.000-05:00,[KLB] 9:55 ▼ ~ ~ Week H vol=2.7x pos=v100 O624.93 H624.94 L623.08 C623.08 ATR=8.57 rawVol=104583 volSMA=39347 buf=0.429 prices=636.6
2026-02-03T10:25:00.000-05:00,[KLB] 10:25 ▼ BRK Yest L + Week L vol=2x pos=v99 O619.59 H620.28 L617.25 C617.28 ATR=8.57 rawVol=194708 volSMA=96176 buf=0.429 prices=618.66/618.27
2026-02-03T10:25:00.000-05:00,[KLB] CONF 10:25 ▼ BRK → ✓ (auto-promote)
2026-02-03T10:26:00.000-05:00,[KLB] CONF 10:26 ▼ BRK → ✗ (failed)
2026-02-04T09:35:00.000-05:00,[KLB] 9:35 ▼ BRK PM L vol=14.1x pos=v65 O615.02 H615.07 L611.29 C612.62 ATR=9.32 rawVol=286632 volSMA=20287 buf=0.466 prices=613.6
2026-02-04T09:35:00.000-05:00,[KLB] 9:35 ▼ ~ ~ ORB H vol=14.1x pos=v65 O615.02 H615.07 L611.29 C612.62 ATR=9.32 rawVol=286632 volSMA=20287 buf=0.466 prices=615.07
2026-02-04T09:35:00.000-05:00,[KLB] CONF 9:35 ▼ BRK → ✗ (failed)
2026-02-04T09:40:00.000-05:00,[KLB] 9:40 ▲ ~~ ~~ PM L vol=5.6x pos=^75 O612.62 H614.98 L612.12 C614.26 ATR=9.32 rawVol=156942 volSMA=28086 buf=0.466 prices=613.6
2026-02-04T09:55:00.000-05:00,[KLB] 9:55 ▼ BRK PM L vol=3x pos=v48 O614.08 H614.36 L611.6 C613.04 ATR=9.32 rawVol=135741 volSMA=45680 buf=0.466 prices=613.6
2026-02-04T10:00:00.000-05:00,[KLB] 10:00 ▼ BRK Yest L + ORB L vol=2.7x pos=v93 O613.05 H613.25 L610.21 C610.42 ATR=9.32 rawVol=104044 volSMA=50703 buf=0.466 prices=610.96/611.29
2026-02-04T10:00:00.000-05:00,[KLB] CONF 10:00 ▼ BRK → ✓ (auto-promote)
2026-02-04T10:10:00.000-05:00,[KLB] 10:10 ▼ ◆ ◆² ORB L 3.3x v10 vol= pos= O609.32 H611.77 L609.32 C611.52 ATR=9.32 rawVol=193834 volSMA=71715 buf=0.466 prices=
2026-02-04T10:12:00.000-05:00,"[KLB] 10:12 ▼ ◆ ◆² Yest L 3.3x v10
◆² ORB L 3.3x v10 vol= pos= O609.32 H611.77 L609.32 C611.52 ATR=9.32 rawVol=193834 volSMA=71715 buf=0.466 prices="
2026-02-04T10:20:00.000-05:00,[KLB] 10:20 ▼ BRK Yest L vol=1.6x pos=v79 O611.07 H611.48 L610.07 C610.36 ATR=9.32 rawVol=78360 volSMA=81413 buf=0.466 prices=610.96
2026-02-04T10:20:00.000-05:00,[KLB] CONF 10:20 ▼ BRK → ✓ (auto-promote)
2026-02-04T10:21:00.000-05:00,[KLB] CONF 10:21 ▼ BRK → ✗ (failed)
2026-02-05T09:35:00.000-05:00,[KLB] 9:35 ▲ ~ ~ PM L + ~ ORB L vol=11.4x pos=^100 O600.21 H601.25 L597.35 C601.25 ATR=9.8 rawVol=460496 volSMA=40296 buf=0.49 prices=598.74/597.35
2026-02-05T09:40:00.000-05:00,[KLB] 9:40 ▲ BRK ORB H vol=8.5x pos=^98 O601.21 H603.39 L599.88 C603.33 ATR=9.8 rawVol=317120 volSMA=53891 buf=0.49 prices=601.25
2026-02-05T09:55:00.000-05:00,[KLB] 9:55 ▲ ◆ ◆³ ORB H 3x ^18 vol= pos= O603.91 H604.8 L601.97 C602.47 ATR=9.8 rawVol=160569 volSMA=86070 buf=0.49 prices=
2026-02-05T09:57:00.000-05:00,[KLB] CONF 9:57 ▲ BRK → ✗ (failed)
2026-02-05T10:00:00.000-05:00,[KLB] 10:00 ▼ BRK Yest L vol=2.1x pos=v89 O602.43 H602.76 L599.95 C600.27 ATR=9.8 rawVol=200734 volSMA=95741 buf=0.49 prices=600.47
2026-02-05T10:00:00.000-05:00,[KLB] 10:00 ▼ ~~ ~~ ORB H vol=2.1x pos=v89 O602.43 H602.76 L599.95 C600.27 ATR=9.8 rawVol=200734 volSMA=95741 buf=0.49 prices=601.25
2026-02-05T10:05:00.000-05:00,[KLB] 10:05 ▼ BRK PM L vol=2.5x pos=v80 O600.26 H601.02 L598.04 C598.64 ATR=9.8 rawVol=274371 volSMA=108975 buf=0.49 prices=598.74
2026-02-05T10:05:00.000-05:00,[KLB] CONF 10:05 ▼ BRK → ✓ (auto-promote)
2026-02-05T10:15:00.000-05:00,[KLB] 10:15 ▼ BRK ORB L vol=1.6x pos=v99 O597.86 H598.53 L595.08 C595.13 ATR=9.8 rawVol=196431 volSMA=126765 buf=0.49 prices=597.35
2026-02-05T10:15:00.000-05:00,[KLB] CONF 10:15 ▼ BRK → ✓ (auto-promote)
2026-02-05T10:25:00.000-05:00,[KLB] 10:25 ▼ ◆ ◆² ORB L 0.8x v69 vol= pos= O597.03 H597.58 L595.62 C596.23 ATR=9.8 rawVol=106075 volSMA=140759 buf=0.49 prices=
2026-02-05T10:39:00.000-05:00,[KLB] CONF 10:39 ▼ BRK → ✗ (failed)
2026-02-05T14:30:00.000-05:00,[KLB] 14:30 ▼ BRK Yest L vol=1.6x pos=v92 O601.38 H601.38 L599.95 C600.07 ATR=9.8 rawVol=96041 volSMA=59230 buf=0.49 prices=600.47
2026-02-05T14:30:00.000-05:00,[KLB] 14:30 ▼ ~~ ~~ ORB H vol=1.6x pos=v92 O601.38 H601.38 L599.95 C600.07 ATR=9.8 rawVol=96041 volSMA=59230 buf=0.49 prices=601.25
2026-02-05T15:05:00.000-05:00,[KLB] 15:05 ▲ ~~ ~~ PM L vol=1.5x pos=^98 O598.8 H599.44 L598.35 C599.42 ATR=9.8 rawVol=90366 volSMA=58968 buf=0.49 prices=598.74
2026-02-05T15:07:00.000-05:00,[KLB] 15:07 ▼ ◆ ◆⁷ Yest L 1.5x v2 vol= pos= O598.8 H599.44 L598.35 C599.42 ATR=9.8 rawVol=90366 volSMA=58968 buf=0.49 prices=
2026-02-05T15:10:00.000-05:00,[KLB] CONF 15:10 ▼ BRK → ✗ (failed)
2026-02-05T15:25:00.000-05:00,[KLB] 15:25 ▼ BRK PM L vol=1.5x pos=v82 O598.3 H598.46 L597.18 C597.41 ATR=9.8 rawVol=103403 volSMA=75131 buf=0.49 prices=598.74
2026-02-05T15:35:00.000-05:00,[KLB] 15:35 ▼ BRK ORB L vol=2x pos=v78 O597 H597.45 L596.59 C596.78 ATR=9.8 rawVol=170119 volSMA=83814 buf=0.49 prices=597.35
2026-02-05T15:35:00.000-05:00,[KLB] CONF 15:35 ▼ BRK → ✓ (auto-promote)
2026-02-05T15:56:00.000-05:00,[KLB] 15:56 ▼ ◆ ◆⁴ ORB L 1.9x v17 vol= pos= O596.39 H596.87 L595.3 C596.6 ATR=9.8 rawVol=187364 volSMA=97931 buf=0.49 prices=
2026-02-06T09:30:00.000-05:00,[KLB] 9:30 ▼ ~ ~ Yest H vol=2.9x pos=v78 O600.99 H601.02 L599.93 C600.17 ATR=9.89 rawVol=33333 volSMA=11641 buf=0.494 prices=604.81
2026-02-06T09:35:00.000-05:00,[KLB] 9:35 ▲ ~ ~ ORB L vol=12.6x pos=^85 O600.19 H603.21 L598.78 C602.56 ATR=9.89 rawVol=390367 volSMA=30905 buf=0.494 prices=598.78
2026-02-06T09:40:00.000-05:00,[KLB] 9:40 ▲ BRK PM H + ORB H vol=9.3x pos=^90 O602.56 H604.12 L601.62 C603.86 ATR=9.89 rawVol=237737 volSMA=42037 buf=0.494 prices=602.91/603.21
2026-02-06T09:41:00.000-05:00,[KLB] CONF 9:41 ▲ BRK → ✗ (failed)
2026-02-06T10:00:00.000-05:00,[KLB] 10:00 ▼ ~~ ~~ PM H + ~~ ORB H vol=2.3x pos=v91 O603.75 H603.76 L602.35 C602.48 ATR=9.89 rawVol=127679 volSMA=74012 buf=0.494 prices=602.91/603.21
2026-02-09T09:35:00.000-05:00,[KLB] 9:35 ▼ ~ ~ ORB H vol=14.7x pos=v24 O607.52 H607.9 L605.07 C607.23 ATR=10.21 rawVol=365426 volSMA=24941 buf=0.51 prices=607.9
2026-02-09T09:40:00.000-05:00,[KLB] 9:40 ▲ BRK ORB H vol=7.2x pos=^99 O607.18 H609.17 L606.48 C609.15 ATR=10.21 rawVol=279349 volSMA=38658 buf=0.51 prices=607.9
2026-02-09T09:45:00.000-05:00,[KLB] 9:45 ▲ ~ ~ Week L vol=5.7x pos=^95 O609.15 H609.81 L608.71 C609.75 ATR=10.21 rawVol=204924 volSMA=48661 buf=0.51 prices=594.76
2026-02-09T09:55:00.000-05:00,[KLB] 9:55 ▼ ~ ~ Yest H vol=1.9x pos=v68 O610.26 H610.33 L608.34 C608.97 ATR=10.21 rawVol=120951 volSMA=64289 buf=0.51 prices=611.41
2026-02-10T09:35:00.000-05:00,[KLB] 9:35 ▼ ~ ~ PM H + ~ ORB H vol=14.6x pos=v74 O615.32 H616.14 L614.63 C615.03 ATR=10.29 rawVol=327746 volSMA=22505 buf=0.515 prices=616.44/616.14
2026-02-10T09:40:00.000-05:00,[KLB] 9:40 ▼ BRK ORB L vol=10.3x pos=v68 O615.06 H615.37 L613.49 C614.09 ATR=10.29 rawVol=191330 volSMA=31814 buf=0.515 prices=614.63
2026-02-10T09:40:00.000-05:00,[KLB] 9:40 ▼ ~ ~ Yest H vol=10.3x pos=v68 O615.06 H615.37 L613.49 C614.09 ATR=10.29 rawVol=191330 volSMA=31814 buf=0.515 prices=616.46
2026-02-10T09:50:00.000-05:00,[KLB] 9:50 ▼ BRK PM L vol=3x pos=v65 O613.71 H613.8 L612.44 C612.92 ATR=10.29 rawVol=117555 volSMA=43283 buf=0.515 prices=613.31
2026-02-10T09:50:00.000-05:00,[KLB] CONF 9:50 ▼ BRK → ✓ (auto-promote)
2026-02-10T09:50:00.000-05:00,[KLB] CONF 9:50 ▼ BRK → ✗ (failed)
2026-02-10T09:55:00.000-05:00,[KLB] 9:55 ▲ ~~ ~~ PM L + ~~ ORB L vol=2.7x pos=^99 O612.9 H615.1 L612.89 C615.07 ATR=10.29 rawVol=133936 volSMA=49784 buf=0.515 prices=613.31/614.63
2026-02-10T10:15:00.000-05:00,[KLB] 10:15 ▼ ~ ~ ORB H vol=1.5x pos=v62 O616.73 H617.01 L614.88 C615.68 ATR=10.29 rawVol=102308 volSMA=66161 buf=0.515 prices=616.14
2026-02-10T13:20:00.000-05:00,[KLB] 13:20 ▼ BRK ORB L vol=1.5x pos=v65 O614.56 H614.64 L613.8 C614.09 ATR=10.29 rawVol=51770 volSMA=33659 buf=0.515 prices=614.63
2026-02-10T14:00:00.000-05:00,[KLB] 14:00 ▲ ~~ ~~ PM L vol=1.7x pos=^78 O612.95 H614.03 L612.93 C613.79 ATR=10.29 rawVol=80764 volSMA=46856 buf=0.515 prices=613.31
2026-02-11T09:35:00.000-05:00,[KLB] 9:35 ▼ ~ ~ PM H + ~ ORB H vol=10.8x pos=v80 O616.4 H617.52 L615.17 C615.64 ATR=9.98 rawVol=275558 volSMA=25519 buf=0.499 prices=617.17/617.52
2026-02-11T09:40:00.000-05:00,[KLB] 9:40 ▼ BRK ORB L vol=8x pos=v87 O615.63 H616.33 L614.5 C614.74 ATR=9.98 rawVol=176746 volSMA=34242 buf=0.499 prices=615.17
2026-02-11T09:40:00.000-05:00,[KLB] 9:40 ▼ ~ ~ Yest H vol=8x pos=v87 O615.63 H616.33 L614.5 C614.74 ATR=9.98 rawVol=176746 volSMA=34242 buf=0.499 prices=617.02
2026-02-11T09:43:00.000-05:00,[KLB] CONF 9:43 ▼ BRK → ✗ (failed)
2026-02-11T09:45:00.000-05:00,[KLB] 9:45 ▲ ~~ ~~ ORB L vol=3.5x pos=^86 O614.71 H615.93 L614.6 C615.74 ATR=9.98 rawVol=145370 volSMA=41358 buf=0.499 prices=615.17
2026-02-11T10:00:00.000-05:00,[KLB] 10:00 ▼ BRK ORB L vol=2x pos=v88 O615.35 H615.82 L613.3 C613.59 ATR=9.98 rawVol=111387 volSMA=59518 buf=0.499 prices=615.17
2026-02-11T10:15:00.000-05:00,[KLB] 10:15 ▼ BRK Yest L vol=2.4x pos=v58 O611.97 H612.24 L609.71 C610.77 ATR=9.98 rawVol=176264 volSMA=73731 buf=0.499 prices=611.01
2026-02-11T10:15:00.000-05:00,[KLB] CONF 10:15 ▼ BRK → ✓ (auto-promote)
2026-02-11T10:25:00.000-05:00,[KLB] 10:25 ▼ BRK PM L vol=1.6x pos=v87 O609.53 H609.66 L607.87 C608.11 ATR=9.98 rawVol=142085 volSMA=86113 buf=0.499 prices=609.88
2026-02-11T10:25:00.000-05:00,[KLB] CONF 10:25 ▼ BRK → ✓ (auto-promote)
2026-02-11T10:35:00.000-05:00,[KLB] 10:35 ▼ ◆ ◆² PM L 0.9x v4 vol= pos= O608.17 H609.58 L607.95 C609.52 ATR=9.98 rawVol=87252 volSMA=94295 buf=0.499 prices=
2026-02-11T10:39:00.000-05:00,[KLB] CONF 10:39 ▼ BRK → ✗ (failed)
2026-02-11T12:05:00.000-05:00,[KLB] 12:05 ▼ BRK Yest L vol=1.5x pos=v80 O610.65 H610.73 L609.74 C609.94 ATR=9.98 rawVol=93661 volSMA=62104 buf=0.499 prices=611.01
2026-02-11T12:12:00.000-05:00,[KLB] CONF 12:12 ▼ BRK → ✗ (failed)
2026-02-12T09:35:00.000-05:00,[KLB] 9:35 ▲ ~ ~ ORB L vol=13.4x pos=^67 O614.71 H615.45 L614.05 C614.99 ATR=9.97 rawVol=194535 volSMA=14551 buf=0.499 prices=614.05
2026-02-12T09:40:00.000-05:00,[KLB] 9:40 ▼ ~ ~ ORB H vol=5.5x pos=v61 O615.01 H615.81 L614.42 C614.96 ATR=9.97 rawVol=109359 volSMA=19913 buf=0.499 prices=615.45
2026-02-12T09:50:00.000-05:00,[KLB] 9:50 ▼ BRK PM L + ORB L vol=5.4x pos=v89 O613.81 H614.15 L612.15 C612.36 ATR=9.97 rawVol=203984 volSMA=37625 buf=0.499 prices=613.15/614.05
2026-02-13T09:35:00.000-05:00,[KLB] 9:35 ▼ ~ ~ ORB H vol=11.6x pos=v74 O600.43 H601.79 L599.17 C599.86 ATR=10.42 rawVol=601951 volSMA=51736 buf=0.521 prices=601.79
2026-02-13T09:40:00.000-05:00,[KLB] 9:40 ▼ BRK Yest L + ORB L vol=9.4x pos=v95 O599.85 H600.3 L598.64 C598.72 ATR=10.42 rawVol=261446 volSMA=63922 buf=0.521 prices=599.57/599.17
2026-02-13T09:45:00.000-05:00,[KLB] 9:45 ▲ ~~ ~ PM L + ~~ ORB L vol=4.1x pos=^94 O598.74 H599.99 L596.42 C599.76 ATR=10.42 rawVol=328003 volSMA=80054 buf=0.521 prices=597.46/599.17
2026-02-13T09:45:00.000-05:00,[KLB] CONF 9:45 ▼ BRK → ✗ (failed)
2026-02-13T09:50:00.000-05:00,[KLB] 9:50 ▲ ~~ ~~ Yest L vol=3.5x pos=^48 O599.74 H602.97 L599.57 C601.21 ATR=10.42 rawVol=320452 volSMA=94864 buf=0.521 prices=599.57
2026-02-13T10:00:00.000-05:00,[KLB] 10:00 ▼ BRK Yest L vol=1.8x pos=v86 O600.15 H601.82 L598.93 C599.34 ATR=10.42 rawVol=143625 volSMA=111471 buf=0.521 prices=599.57
2026-02-13T10:00:00.000-05:00,[KLB] CONF 10:00 ▼ BRK → ✗ (failed)
2026-02-13T15:30:00.000-05:00,[KLB] 15:30 ▼ ~ ~ PM H + ~ ORB H vol=2.7x pos=v83 O602.01 H602.23 L600.64 C600.91 ATR=10.42 rawVol=174867 volSMA=65104 buf=0.521 prices=602.3/601.79
2026-02-17T09:35:00.000-05:00,[KLB] 9:35 ▲ BRK PM H vol=15.1x pos=^98 O598.38 H600.86 L597.12 C600.78 ATR=10.4 rawVol=478097 volSMA=31632 buf=0.52 prices=599.42
2026-02-17T09:35:00.000-05:00,[KLB] 9:35 ▲ ~ ~ Yest L + ~ ORB L vol=15.1x pos=^98 O598.38 H600.86 L597.12 C600.78 ATR=10.4 rawVol=478097 volSMA=31632 buf=0.52 prices=596.42/597.12
2026-02-17T09:40:00.000-05:00,[KLB] 9:40 ▲ BRK ORB H vol=11.5x pos=^75 O600.82 H602.2 L600.43 C601.75 ATR=10.4 rawVol=202747 volSMA=41518 buf=0.52 prices=600.86
2026-02-17T09:40:00.000-05:00,[KLB] CONF 9:40 ▲ BRK → ✓ (auto-promote)
2026-02-17T09:43:00.000-05:00,[KLB] CONF 9:43 ▲ BRK → ✗ (failed)
2026-02-17T09:45:00.000-05:00,[KLB] 9:45 ▼ ~~ ~ Yest H + ~~ ORB H vol=3.5x pos=v89 O601.71 H602.04 L599.04 C599.37 ATR=10.4 rawVol=174249 volSMA=49901 buf=0.52 prices=606.48/600.86
2026-02-17T09:50:00.000-05:00,[KLB] 9:50 ▼ ~~ ~~ PM H vol=3.2x pos=v58 O599.45 H599.64 L597.45 C598.38 ATR=10.4 rawVol=185677 volSMA=58937 buf=0.52 prices=599.42
2026-02-17T09:55:00.000-05:00,[KLB] 9:55 ▼ BRK Yest L + Week L + ORB L vol=3.4x pos=v96 O598.39 H598.78 L595.15 C595.3 ATR=10.4 rawVol=235755 volSMA=70328 buf=0.52 prices=596.42/596.42/597.12
2026-02-17T10:00:00.000-05:00,[KLB] 10:00 ▼ BRK PM L vol=3x pos=v88 O595.34 H595.68 L593.96 C594.16 ATR=10.4 rawVol=161375 volSMA=78174 buf=0.52 prices=595.03
2026-02-17T10:00:00.000-05:00,[KLB] CONF 10:00 ▼ BRK → ✓ (auto-promote)
2026-02-17T10:03:00.000-05:00,[KLB] CONF 10:03 ▼ BRK → ✗ (failed)
2026-02-17T10:05:00.000-05:00,[KLB] 10:05 ▲ ~~ ~~ PM L vol=1.5x pos=^90 O594.16 H596.12 L593.69 C595.88 ATR=10.4 rawVol=127866 volSMA=84137 buf=0.52 prices=595.03
2026-02-17T10:20:00.000-05:00,[KLB] 10:20 ▲ ~~ ~~ PM L + ~~ ORB L vol=1.9x pos=^96 O594.51 H597.95 L594.5 C597.8 ATR=10.4 rawVol=194493 volSMA=104570 buf=0.52 prices=595.03/597.12
2026-02-17T13:25:00.000-05:00,[KLB] 13:25 ▲ BRK PM H + ORB H vol=1.6x pos=^84 O598.7 H601.44 L598.58 C600.98 ATR=10.4 rawVol=84073 volSMA=52503 buf=0.52 prices=599.42/600.86
2026-02-17T13:25:00.000-05:00,[KLB] 13:25 ▲ ~~ ~~ Yest L vol=1.6x pos=^84 O598.7 H601.44 L598.58 C600.98 ATR=10.4 rawVol=84073 volSMA=52503 buf=0.52 prices=596.42
2026-02-17T13:35:00.000-05:00,[KLB] 13:35 ▲ ◆ ◆² ORB H 0.8x ^79 vol= pos= O601.06 H601.83 L600.61 C601.57 ATR=10.4 rawVol=39328 volSMA=51448 buf=0.52 prices=
2026-02-17T13:40:00.000-05:00,[KLB] 13:40 ▲ ~~ ~~ Week L vol=1.7x pos=^100 O601.48 H602.27 L600.94 C602.27 ATR=10.4 rawVol=92414 volSMA=53112 buf=0.52 prices=596.42
2026-02-17T15:40:00.000-05:00,[KLB] 15:40 ▼ ~~ ~~ ORB H vol=2x pos=v77 O600.77 H601 L600.27 C600.44 ATR=10.4 rawVol=52765 volSMA=55167 buf=0.52 prices=600.86
2026-02-18T09:35:00.000-05:00,[KLB] 9:35 ▼ BRK PM L vol=16.9x pos=v80 O602.12 H602.69 L600.73 C601.13 ATR=10.41 rawVol=513191 volSMA=30321 buf=0.521 prices=601.29
2026-02-18T09:35:00.000-05:00,[KLB] 9:35 ▼ ~ ~ Yest H + ~ ORB H vol=16.9x pos=v80 O602.12 H602.69 L600.73 C601.13 ATR=10.41 rawVol=513191 volSMA=30321 buf=0.521 prices=603.95/602.69
2026-02-18T09:38:00.000-05:00,[KLB] CONF 9:38 ▼ BRK → ✗ (failed)
2026-02-18T09:40:00.000-05:00,[KLB] 9:40 ▲ ~~ ~~ PM L + ~ Week L + ~ ORB L vol=6.9x pos=^58 O601.04 H602.83 L600.82 C601.98 ATR=10.41 rawVol=316395 volSMA=45991 buf=0.521 prices=601.29/596.42/600.73
2026-02-18T09:45:00.000-05:00,[KLB] 9:45 ▲ BRK ORB H vol=5.4x pos=^78 O601.99 H603.54 L601.61 C603.11 ATR=10.41 rawVol=249760 volSMA=58240 buf=0.521 prices=602.69
2026-02-18T09:49:00.000-05:00,[KLB] CONF 9:49 ▲ BRK → ✗ (failed)
2026-02-18T09:50:00.000-05:00,[KLB] 9:50 ▼ ~~ ~~ ORB H vol=2.7x pos=v92 O603.06 H603.8 L601.73 C601.9 ATR=10.41 rawVol=185141 volSMA=67370 buf=0.521 prices=602.69
2026-02-18T09:55:00.000-05:00,[KLB] 9:55 ▲ BRK ORB H vol=1.6x pos=^92 O601.94 H604.15 L601.89 C603.97 ATR=10.41 rawVol=119277 volSMA=73157 buf=0.521 prices=602.69
2026-02-18T10:00:00.000-05:00,[KLB] 10:00 ▲ BRK Yest H vol=2.4x pos=^76 O603.98 H605.68 L603.91 C605.25 ATR=10.41 rawVol=198503 volSMA=82937 buf=0.521 prices=603.95
2026-02-18T10:00:00.000-05:00,[KLB] CONF 10:00 ▲ BRK → ✓ (auto-promote)
2026-02-18T10:05:00.000-05:00,[KLB] 10:05 ▲ BRK PM H vol=2.4x pos=^98 O605.27 H607.11 L605.2 C607.08 ATR=10.41 rawVol=228518 volSMA=94264 buf=0.521 prices=605.8
2026-02-18T10:05:00.000-05:00,[KLB] CONF 10:05 ▲ BRK → ✓ (auto-promote)
2026-02-18T13:45:00.000-05:00,[KLB] 13:45 ▼ ~ ~ Week H vol=2.1x pos=v61 O608.17 H608.2 L606.93 C607.42 ATR=10.41 rawVol=102381 volSMA=48619 buf=0.521 prices=617.52
2026-02-18T14:30:00.000-05:00,[KLB] 14:30 ▲ ◆ ◆⁵³ PM H 1.2x ^16 vol= pos= O607.03 H607.17 L606.38 C606.51 ATR=10.41 rawVol=49501 volSMA=57280 buf=0.521 prices=
2026-02-18T14:36:00.000-05:00,[KLB] CONF 14:36 ▲ BRK → ✗ (failed)
2026-02-18T14:40:00.000-05:00,[KLB] 14:40 ▼ ~~ ~~ PM H vol=1.8x pos=v65 O605.84 H605.89 L604.56 C605.02 ATR=10.41 rawVol=110809 volSMA=62472 buf=0.521 prices=605.8
2026-02-18T15:55:00.000-05:00,[KLB] 15:55 ▲ BRK PM H vol=2x pos=^75 O606.01 H606.68 L605.72 C606.44 ATR=10.41 rawVol=173114 volSMA=87234 buf=0.521 prices=605.8
2026-02-19T09:35:00.000-05:00,[KLB] 9:35 ▲ ~ ~ ORB L vol=15.3x pos=^30 O602.8 H603.96 L602.35 C602.83 ATR=10.31 rawVol=319975 volSMA=20892 buf=0.516 prices=602.35
2026-02-19T09:40:00.000-05:00,[KLB] 9:40 ▼ BRK ORB L vol=9.3x pos=v31 O602.8 H602.89 L601.1 C602.33 ATR=10.31 rawVol=273206 volSMA=34487 buf=0.516 prices=602.35
2026-02-19T09:44:00.000-05:00,[KLB] CONF 9:44 ▼ BRK → ✗ (failed)
2026-02-19T09:45:00.000-05:00,[KLB] 9:45 ▲ ~ ~ PM L + ~ Yest L + ~ Week L vol=4.4x pos=^85 O602.34 H603.35 L601.34 C603.05 ATR=10.31 rawVol=192451 volSMA=43995 buf=0.516 prices=601.92/600.72/596.42
2026-02-19T10:05:00.000-05:00,[KLB] 10:05 ▲ BRK ORB H vol=3.2x pos=^74 O603.93 H605.61 L603.14 C604.98 ATR=10.31 rawVol=236876 volSMA=73617 buf=0.516 prices=603.96
2026-02-19T10:15:00.000-05:00,[KLB] 10:15 ▲ ◆ ◆² ORB H 0.9x ^27 vol= pos= O604.25 H604.73 L603.51 C603.84 ATR=10.31 rawVol=68981 volSMA=80615 buf=0.516 prices=
2026-02-19T10:21:00.000-05:00,[KLB] CONF 10:21 ▲ BRK → ✗ (failed)
2026-02-19T12:50:00.000-05:00,[KLB] 12:50 ▼ BRK ORB L vol=1.7x pos=v76 O603.01 H603.02 L601.57 C601.92 ATR=10.31 rawVol=102568 volSMA=60937 buf=0.516 prices=602.35
2026-02-19T12:55:00.000-05:00,[KLB] 12:55 ▼ BRK PM L vol=1.9x pos=v59 O601.92 H602.52 L601.28 C601.79 ATR=10.31 rawVol=121623 volSMA=63736 buf=0.516 prices=601.92
2026-02-19T12:55:00.000-05:00,[KLB] CONF 12:55 ▼ BRK → ✓ (auto-promote)
2026-02-19T13:06:00.000-05:00,[KLB] 13:06 ▼ ◆ ◆² PM L 1.2x v84 vol= pos= O601.46 H601.81 L601.2 C601.3 ATR=10.31 rawVol=53004 volSMA=64366 buf=0.516 prices=
2026-02-19T13:13:00.000-05:00,[KLB] CONF 13:13 ▼ BRK → ✗ (failed)
2026-02-19T15:50:00.000-05:00,[KLB] 15:50 ▲ ~~ ~~ PM L + ~~ ORB L vol=2.1x pos=^88 O602.2 H602.87 L602.1 C602.78 ATR=10.31 rawVol=98854 volSMA=46314 buf=0.516 prices=601.92/602.35
2026-02-20T09:35:00.000-05:00,[KLB] 9:35 ▲ ~ ~ PM L + ~ Week L + ~ ORB L vol=13.4x pos=^91 O600.11 H602.63 L599.24 C602.32 ATR=9.94 rawVol=345373 volSMA=25785 buf=0.497 prices=599.7/596.42/599.24
2026-02-20T09:40:00.000-05:00,[KLB] 9:40 ▲ BRK ORB H vol=9.6x pos=^58 O602.32 H604.33 L602.03 C603.36 ATR=9.94 rawVol=208333 volSMA=36125 buf=0.497 prices=602.63
2026-02-20T09:40:00.000-05:00,[KLB] 9:40 ▲ ~ ~ Yest L vol=9.6x pos=^58 O602.32 H604.33 L602.03 C603.36 ATR=9.94 rawVol=208333 volSMA=36125 buf=0.497 prices=600.75
2026-02-20T10:05:00.000-05:00,[KLB] 10:05 ▲ BRK Yest H vol=5.1x pos=^43 O604.56 H608.96 L604.32 C606.33 ATR=9.94 rawVol=410115 volSMA=80600 buf=0.497 prices=605.82
2026-02-20T10:05:00.000-05:00,[KLB] CONF 10:05 ▲ BRK → ✓ (auto-promote)
2026-02-20T10:05:00.000-05:00,[KLB] CONF 10:05 ▲ BRK → ✗ (failed)
2026-02-20T10:15:00.000-05:00,[KLB] 10:15 ▼ ~ ~ PM H + ~ Week H vol=2.2x pos=v97 O606.51 H607.79 L605.19 C605.27 ATR=9.94 rawVol=229978 volSMA=104241 buf=0.497 prices=606.6/617.52
2026-02-20T10:20:00.000-05:00,[KLB] 10:20 ▲ BRK Yest H vol=1.6x pos=^71 O605.28 H606.93 L603.65 C605.98 ATR=9.94 rawVol=176389 volSMA=112520 buf=0.497 prices=605.82
2026-02-20T10:25:00.000-05:00,[KLB] 10:25 ▲ BRK PM H vol=1.5x pos=^65 O606.19 H607.77 L606.04 C607.16 ATR=9.94 rawVol=125030 volSMA=117587 buf=0.497 prices=606.6
2026-02-20T10:25:00.000-05:00,[KLB] CONF 10:25 ▲ BRK → ✓ (auto-promote)
2026-02-20T10:30:00.000-05:00,[KLB] CONF 10:30 ▲ BRK → ✗ (failed)
2026-02-20T12:20:00.000-05:00,[KLB] 12:20 ▼ ~~ ~~ PM H vol=1.7x pos=v89 O606.58 H606.58 L605.06 C605.23 ATR=9.94 rawVol=161699 volSMA=97039 buf=0.497 prices=606.6
2026-02-20T13:35:00.000-05:00,[KLB] 13:35 ▲ BRK PM H + Yest H vol=1.8x pos=^72 O606.19 H608.54 L605.28 C607.64 ATR=9.94 rawVol=212371 volSMA=115262 buf=0.497 prices=606.6/605.82
2026-02-23T09:35:00.000-05:00,[KLB] 9:35 ▲ ~ ~ ORB L vol=15.2x pos=^46 O606.58 H608 L606.34 C607.1 ATR=10.02 rawVol=295692 volSMA=19456 buf=0.501 prices=606.34
2026-02-23T09:40:00.000-05:00,[KLB] 9:40 ▼ ~ ~ PM H + ~ ORB H vol=6.8x pos=v51 O607.16 H607.72 L606.2 C606.94 ATR=10.02 rawVol=195241 volSMA=28917 buf=0.501 prices=607.56/608
2026-02-23T09:45:00.000-05:00,[KLB] 9:45 ▼ BRK ORB L vol=5.2x pos=v99 O606.96 H606.96 L604.17 C604.19 ATR=10.02 rawVol=182816 volSMA=37822 buf=0.501 prices=606.34
2026-02-23T09:55:00.000-05:00,[KLB] 9:55 ▲ ~ ~ PM L vol=3x pos=^48 O604.39 H606.2 L604.37 C605.25 ATR=10.02 rawVol=153075 volSMA=52217 buf=0.501 prices=604.28
2026-02-23T10:10:00.000-05:00,[KLB] 10:10 ▼ BRK PM L vol=2.7x pos=v69 O603.83 H604.43 L603.22 C603.59 ATR=10.02 rawVol=203603 volSMA=75265 buf=0.501 prices=604.28
2026-02-23T10:10:00.000-05:00,[KLB] CONF 10:10 ▼ BRK → ✓ (auto-promote)
2026-02-23T10:10:00.000-05:00,[KLB] CONF 10:10 ▼ BRK → ✗ (failed)
2026-02-23T15:35:00.000-05:00,[KLB] 15:35 ▲ ~ ~ Yest L vol=1.7x pos=^89 O599.97 H601.05 L599.92 C600.93 ATR=10.02 rawVol=116974 volSMA=68155 buf=0.501 prices=599.23
2026-02-24T09:35:00.000-05:00,[KLB] 9:35 ▼ BRK PM L vol=15.9x pos=v75 O602.37 H602.87 L600.09 C600.78 ATR=10 rawVol=365106 volSMA=22959 buf=0.5 prices=602.02
2026-02-24T09:35:00.000-05:00,[KLB] 9:35 ▼ ~ ~ ORB H vol=15.9x pos=v75 O602.37 H602.87 L600.09 C600.78 ATR=10 rawVol=365106 volSMA=22959 buf=0.5 prices=602.87
2026-02-24T09:39:00.000-05:00,[KLB] CONF 9:39 ▼ BRK → ✗ (failed)
2026-02-24T09:40:00.000-05:00,[KLB] 9:40 ▲ ~~ ~~ PM L + ~ Yest L + ~ ORB L vol=8x pos=^90 O600.77 H602.66 L599.74 C602.37 ATR=10 rawVol=305892 volSMA=38030 buf=0.5 prices=602.02/599.05/600.09
2026-02-24T09:45:00.000-05:00,[KLB] 9:45 ▲ BRK ORB H vol=6.3x pos=^99 O602.36 H604.96 L602.33 C604.93 ATR=10 rawVol=225250 volSMA=48458 buf=0.5 prices=602.87
2026-02-24T09:50:00.000-05:00,[KLB] 9:50 ▲ BRK PM H vol=5x pos=^65 O604.95 H606.22 L604.83 C605.74 ATR=10 rawVol=324673 volSMA=64439 buf=0.5 prices=604.66
2026-02-24T09:50:00.000-05:00,[KLB] CONF 9:50 ▲ BRK → ✓ (auto-promote)
2026-02-24T09:55:00.000-05:00,[KLB] CONF 9:55 ▲ BRK → ✗ (failed)
2026-02-24T10:00:00.000-05:00,[KLB] 10:00 ▼ ~~ ~~ PM H vol=2.8x pos=v72 O605.03 H605.03 L603.75 C604.11 ATR=10 rawVol=144961 volSMA=82833 buf=0.5 prices=604.66
2026-02-24T10:25:00.000-05:00,[KLB] 10:25 ▲ BRK PM H vol=1.5x pos=^95 O604.51 H605.94 L604.4 C605.86 ATR=10 rawVol=181787 volSMA=119682 buf=0.5 prices=604.66
2026-02-24T12:15:00.000-05:00,[KLB] 12:15 ▲ BRK Yest H vol=1.6x pos=^26 O608.32 H608.91 L608.26 C608.43 ATR=10 rawVol=99178 volSMA=63619 buf=0.5 prices=608.01
2026-02-24T12:15:00.000-05:00,[KLB] CONF 12:15 ▲ BRK → ✓ (auto-promote)
2026-02-24T12:40:00.000-05:00,[KLB] 12:40 ▲ ◆ ◆⁵ Yest H 0.8x ^21 vol= pos= O608.58 H608.66 L608.38 C608.44 ATR=10 rawVol=46813 volSMA=58108 buf=0.5 prices=
2026-02-24T13:26:00.000-05:00,[KLB] CONF 13:26 ▲ BRK → ✗ (failed)
2026-02-24T15:55:00.000-05:00,[KLB] 15:55 ▲ BRK Yest H vol=1.7x pos=^52 O608 H608.82 L607.96 C608.41 ATR=10 rawVol=164489 volSMA=94175 buf=0.5 prices=608.01
2026-02-25T09:30:00.000-05:00,[KLB] 9:30 ▲ BRK Week H vol=2.8x pos=^90 O610.9 H611.12 L610.72 C611.08 ATR=9.95 rawVol=18117 volSMA=6539 buf=0.498 prices=610.35
2026-02-25T09:35:00.000-05:00,[KLB] 9:35 ▲ BRK PM H vol=14x pos=^75 O611.11 H613.06 L611.01 C612.55 ATR=9.95 rawVol=291482 volSMA=20861 buf=0.498 prices=611.5
2026-02-25T09:35:00.000-05:00,[KLB] 9:35 ▲ ~ ~ ORB L vol=14x pos=^75 O611.11 H613.06 L611.01 C612.55 ATR=9.95 rawVol=291482 volSMA=20861 buf=0.498 prices=611.01
2026-02-25T09:35:00.000-05:00,[KLB] CONF 9:35 ▲ BRK → ✓ (auto-promote)
2026-02-25T09:45:00.000-05:00,[KLB] 9:45 ▲ BRK ORB H vol=6.1x pos=^86 O613.14 H613.91 L612.84 C613.76 ATR=9.95 rawVol=157486 volSMA=40955 buf=0.498 prices=613.06
2026-02-25T09:45:00.000-05:00,[KLB] CONF 9:45 ▲ BRK → ✓ (auto-promote)
